{
  "model_name": "LightGBM",
  "timestamp": "2026-05-05T16:41:46.183806",
  "r2_score": 0.9424259222651493,
  "metrics": {
    "mae": 4128.838681358819,
    "rmse": 4859.780080169586,
    "r2": 0.9424259222651493,
    "median_ae": 3900.0000030228493,
    "mape": 0.16305713180053133,
    "cv_mean": -0.6573206140508138,
    "cv_std": 0.4068066970111271
  }
}